Kryterium 1,Kryterium 2,Kryterium 3,Kryterium 4(gorsze)
0.12352309344790548,0.0966702470461869,0.079484425349087,1.0
0.0,0.17567567567567569,0.2972972972972973,1.0
