Kryterium 1,Kryterium 2,Kryterium 3,Kryterium 4(gorsze)
0.7748148148148148,0.5333333333333333,0.40296296296296297,1.0
0.0,0.05825242718446602,0.15048543689320387,1.0
