Kryterium 1,Kryterium 2,Kryterium 3,Kryterium 4(gorsze)
1.0,0.5625,0.0,0.7797619047619048
0.0,0.05660377358490566,0.3018867924528302,1.0
