Kryterium 1,Kryterium 2,Kryterium 3,Kryterium 4(gorsze)
0.9733924611973392,0.9113082039911308,0.07982261640798226,1.0
0.0,0.18292682926829268,0.25609756097560976,1.0
